{"cameraMode":{"drawMode":0,"name":"Shaded","section":"Shading Mode"},"sceneLighting":true,"audioPlay":false,"sceneViewState":{"showFog":true,"showMaterialUpdate":false,"showSkybox":true,"showFlares":true,"showImageEffects":true,"showParticleSystems":true},"in2DMode":false,"pivot":{"x":29.844341278076173,"y":0.5023623704910278,"z":-60.00325393676758},"rotation":{"x":0.09670722484588623,"y":-0.028362419456243516,"z":0.002756968606263399,"w":0.9949038028717041},"size":5.044800758361816,"orthographic":false}